{"cameraMode":{"drawMode":0,"name":"Shaded","section":"Shading Mode"},"sceneLighting":false,"audioPlay":false,"sceneViewState":{"m_AlwaysRefresh":false,"showFog":true,"showSkybox":false,"showFlares":true,"showImageEffects":true,"showParticleSystems":true,"showVisualEffectGraphs":true,"m_FxEnabled":true},"in2DMode":false,"pivot":{"x":0.5240488052368164,"y":1.1699999570846558,"z":0.5799999833106995},"rotation":{"x":-0.027969462797045709,"y":0.9674980640411377,"z":-0.21869811415672303,"w":-0.12373362481594086},"size":0.8660253882408142,"orthographic":false}